Number,Name,Platform,Year,Genre,Publisher,Global_Sales
1,Wii Sports,Wii,2006,Sports,Nintendo,82.53
2,Super Mario Bros.,NES,1985,Platform,Nintendo,40.24
3,Mario Kart Wii,Wii,2008,Racing,Nintendo,35.52
4,Wii Sports Resort,Wii,2009,Sports,Nintendo,32.77
5,Pokemon Red/Pokemon Blue,GB,1996,Role-Playing,Nintendo,31.37
6,Tetris,GB,1989,Puzzle,Nintendo,30.26
7,New Super Mario Bros.,DS,2006,Platform,Nintendo,29.8
8,Wii Play,Wii,2006,Misc,Nintendo,28.92
9,New Super Mario Bros. Wii,Wii,2009,Platform,Nintendo,28.32
10,Duck Hunt,NES,1984,Shooter,Nintendo,28.31
11,Nintendogs,DS,2005,Simulation,,24.67
12,Mario Kart DS,DS,2005,Racing,Nintendo,23.21
13,Pokemon Gold/Pokemon Silver,GB,1999,Role-Playing,Nintendo,23.1
14,Wii Fit,Wii,2007,Sports,Nintendo,22.7
15,Kinect Adventures!,X360,2010,Misc,Microsoft Game Studios,21.81
16,Wii Fit Plus,Wii,2009,Sports,Nintendo,21.79
17,Grand Theft Auto V,PS3,2013,Action,Take-Two Interactive,21.04
18,Grand Theft Auto: San Andreas,PS2,2004,Action,Take-Two Interactive,20.81
19,Super Mario World,SNES,1990,Platform,Nintendo,20.61
20,Brain Age: Train Your Brain in Minutes a Day,DS,2005,Misc,Nintendo,20.15
21,Pokemon Diamond/Pokemon Pearl,DS,2006,Role-Playing,Nintendo,18.25
22,Super Mario Land,GB,1989,Platform,Nintendo,18.14
23,Super Mario Bros. 3,NES,1988,Platform,Nintendo,17.28
24,Grand Theft Auto V,X360,2013,Action,Take-Two Interactive,16.27
25,Grand Theft Auto: Vice City,PS2,2002,Action,Take-Two Interactive,16.15
26,Pokemon Ruby/Pokemon Sapphire,GBA,2002,Role-Playing,Nintendo,15.85
27,Brain Age 2: More Training in Minutes a Day,DS,2005,Puzzle,Nintendo,15.29
28,Pokemon Black/Pokemon White,DS,2010,Role-Playing,Nintendo,15.14
29,Gran Turismo 3: A-Spec,PS2,2001,Racing,Sony Computer Entertainment,14.98
30,Call of Duty: Modern Warfare 3,X360,2011,Shooter,Activision,14.73
31,Pokémon Yellow: Special Pikachu Edition,GB,1998,Role-Playing,Nintendo,14.64
32,Call of Duty: Black Ops 3,PS4,2015,Shooter,Activision,14.63
33,Call of Duty: Black Ops,X360,2010,Shooter,Activision,14.61
34,Pokemon X/Pokemon Y,3DS,2013,Role-Playing,Nintendo,14.6
35,Call of Duty: Black Ops II,PS3,2012,Shooter,Activision,13.79
36,Call of Duty: Black Ops II,X360,2012,Shooter,Activision,13.67
37,Call of Duty: Modern Warfare 2,X360,2009,Shooter,Activision,13.47
38,Call of Duty: Modern Warfare 3,PS3,2011,Shooter,Activision,13.32
39,Grand Theft Auto III,PS2,2001,Action,Take-Two Interactive,13.1
40,Super Smash Bros. Brawl,Wii,2008,Fighting,Nintendo,12.84
41,Mario Kart 7,3DS,2011,Racing,Nintendo,12.66
42,Call of Duty: Black Ops,PS3,2010,Shooter,Activision,12.63
43,Grand Theft Auto V,PS4,2014,Action,Take-Two Interactive,12.61
44,Animal Crossing: Wild World,DS,2005,Simulation,Nintendo,12.13
45,Halo 3,X360,2007,Shooter,Microsoft Game Studios,12.12
46,Super Mario 64,N64,1996,Platform,Nintendo,11.89
47,Pokemon HeartGold/Pokemon SoulSilver,DS,2009,Action,Nintendo,11.77
48,Pokemon Omega Ruby/Pokemon Alpha Sapphire,3DS,2014,Role-Playing,Nintendo,11.68
49,Gran Turismo 4,PS2,2004,Racing,Sony Computer Entertainment,11.66
50,Super Mario Galaxy,Wii,2007,Platform,Nintendo,11.35
51,Super Mario Land 2: 6 Golden Coins,GB,1992,Adventure,Nintendo,11.18
52,Grand Theft Auto IV,X360,2008,Action,Take-Two Interactive,11.01
53,Gran Turismo,PS,1997,Racing,Sony Computer Entertainment,10.95
54,Super Mario 3D Land,3DS,2011,Platform,Nintendo,10.81
55,Gran Turismo 5,PS3,2010,Racing,Sony Computer Entertainment,10.7
56,Call of Duty: Modern Warfare 2,PS3,2009,Shooter,Activision,10.6
57,Super Mario All-Stars,SNES,1993,Platform,Nintendo,10.55
58,Grand Theft Auto IV,PS3,2008,Action,Take-Two Interactive,10.5
59,Pokemon FireRed/Pokemon LeafGreen,GBA,2004,Role-Playing,Nintendo,10.49
60,Super Mario 64,DS,2004,Platform,Nintendo,10.3
61,Call of Duty: Ghosts,X360,2013,Shooter,Activision,10.25
62,Just Dance 3,Wii,2011,Misc,Ubisoft,10.12
63,New Super Mario Bros. 2,3DS,2012,Platform,Nintendo,9.9
64,Mario Kart 64,N64,1996,Racing,Nintendo,9.87
65,Halo: Reach,X360,2010,Shooter,Microsoft Game Studios,9.86
66,Final Fantasy VII,PS,1997,Role-Playing,Sony Computer Entertainment,9.72
67,Halo 4,X360,2012,Shooter,Microsoft Game Studios,9.71
68,Gran Turismo 2,PS,1999,Racing,Sony Computer Entertainment,9.49
69,Just Dance 2,Wii,2010,Misc,Ubisoft,9.44
70,Call of Duty: Ghosts,PS3,2013,Shooter,Activision,9.36
71,Call of Duty 4: Modern Warfare,X360,2007,Shooter,Activision,9.31
72,Donkey Kong Country,SNES,1994,Platform,Nintendo,9.3
73,Minecraft,X360,2013,Misc,Microsoft Game Studios,9.18
74,Animal Crossing: New Leaf,3DS,2012,Simulation,Nintendo,9.16
75,Mario Party DS,DS,2007,Misc,Nintendo,8.91
76,The Elder Scrolls V: Skyrim,X360,2011,Role-Playing,Bethesda Softworks,8.79
77,Super Mario Kart,SNES,1992,Racing,Nintendo,8.76
78,FIFA 16,PS4,2015,Sports,Electronic Arts,8.57
79,Halo 2,XB,2004,Shooter,Microsoft Game Studios,8.49
80,Wii Party,Wii,2010,Misc,Nintendo,8.38
81,Mario Party 8,Wii,2007,Misc,Nintendo,8.27
82,FIFA Soccer 13,PS3,2012,Action,Electronic Arts,8.16
83,GoldenEye 007,N64,1997,Shooter,Nintendo,8.09
84,Pokemon Black 2/Pokemon White 2,DS,2012,Role-Playing,Nintendo,8.07
85,Final Fantasy X,PS2,2001,Role-Playing,Sony Computer Entertainment,8.05
86,The Sims 3,PC,2009,Simulation,Electronic Arts,8.01
87,Mario & Sonic at the Olympic Games,Wii,2007,Sports,Sega,7.99
88,Star Wars Battlefront (2015),PS4,2015,Shooter,Electronic Arts,7.98
89,Final Fantasy VIII,PS,1999,Role-Playing,SquareSoft,7.86
90,Pac-Man,2600,1982,Puzzle,Atari,7.81
91,Pokémon Platinum Version,DS,2008,Role-Playing,Nintendo,7.72
92,Grand Theft Auto: Liberty City Stories,PSP,2005,Action,Take-Two Interactive,7.69
93,Call of Duty: Advanced Warfare,PS4,2014,Shooter,Activision,7.66
94,The Legend of Zelda: Ocarina of Time,N64,1998,Action,Nintendo,7.6
95,FIFA 17,PS4,2016,Sports,Electronic Arts,7.59
96,Crash Bandicoot 2: Cortex Strikes Back,PS,1997,Platform,Sony Computer Entertainment,7.58
97,Super Smash Bros. for Wii U and 3DS,3DS,2014,Fighting,Nintendo,7.55
98,Super Mario Galaxy 2,Wii,2010,Platform,Nintendo,7.51
99,Super Mario Bros. 2,NES,1988,Platform,Nintendo,7.46
100,Call of Duty: Black Ops 3,XOne,2015,Shooter,Activision,7.39
101,Call of Duty: World at War,X360,2008,Shooter,Activision,7.38
102,Battlefield 3,X360,2011,Shooter,Electronic Arts,7.32
103,Need for Speed Underground,PS2,2003,Racing,Electronic Arts,7.2
104,Just Dance,Wii,2009,Misc,Ubisoft,7.2
105,Battlefield 3,PS3,2011,Shooter,Electronic Arts,7.17
106,Fallout 4,PS4,2015,Role-Playing,Bethesda Softworks,7.16
107,Tekken 3,PS,1998,Fighting,Sony Computer Entertainment,7.16
108,The Legend of Zelda: Twilight Princess,Wii,2006,Action,Nintendo,7.15
109,Pokemon Sun/Moon,3DS,2016,Role-Playing,Nintendo,7.14
110,Crash Bandicoot 3: Warped,PS,1998,Platform,Sony Computer Entertainment,7.13
111,Mario Kart 8,WiiU,2014,Racing,Nintendo,7.09
112,Super Smash Bros. Melee,GC,2001,Fighting,Nintendo,7.07
113,Mario Kart: Double Dash!!,GC,2003,Racing,Nintendo,6.95
114,Need for Speed Underground 2,PS2,2004,Racing,Electronic Arts,6.9
115,Medal of Honor: Frontline,PS2,2002,Shooter,Electronic Arts,6.83
116,Crash Bandicoot,PS,1996,Platform,Sony Computer Entertainment,6.82
117,Just Dance 4,Wii,2012,Misc,Ubisoft,6.76
118,Gears of War 2,X360,2008,Shooter,Microsoft Game Studios,6.75
119,Uncharted 3: Drake's Deception,PS3,2011,Action,Sony Computer Entertainment,6.74
120,Zumba Fitness,Wii,2010,Sports,505 Games,6.71
121,Call of Duty 4: Modern Warfare,PS3,2007,Shooter,Activision,6.68
122,Uncharted 2: Among Thieves,PS3,2009,Action,Sony Computer Entertainment,6.66
123,FIFA 12,PS3,2011,Sports,Electronic Arts,6.65
124,Big Brain Academy,DS,2005,Misc,Nintendo,6.62
125,The Legend of Zelda,NES,1986,Action,Nintendo,6.51
126,Red Dead Redemption,PS3,2010,Action,Take-Two Interactive,6.49
127,FIFA 14,PS3,2013,Sports,Electronic Arts,6.47
128,Assassin's Creed III,PS3,2012,Action,Ubisoft,6.45
129,Donkey Kong Country Returns,Wii,2010,Platform,Nintendo,6.44
130,Halo: Combat Evolved,XB,2001,Shooter,Microsoft Game Studios,6.43
131,The Elder Scrolls V: Skyrim,PS3,2011,Role-Playing,Bethesda Softworks,6.41
132,Pokémon Emerald Version,GBA,2004,Role-Playing,Nintendo,6.41
133,Kingdom Hearts,PS2,2002,Role-Playing,Sony Computer Entertainment,6.4
134,Pokémon Crystal Version,GB,2000,Role-Playing,Nintendo,6.39
135,Halo 3: ODST,X360,2009,Shooter,Microsoft Game Studios,6.34
136,Red Dead Redemption,X360,2010,Action,Take-Two Interactive,6.32
137,Super Mario Sunshine,GC,2002,Platform,Nintendo,6.31
138,Street Fighter II: The World Warrior,SNES,1992,Fighting,Capcom,6.3
139,World of Warcraft,PC,2004,Role-Playing,Activision,6.29
140,Driver,PS,1999,Action,GT Interactive,6.27
141,Gears of War 3,X360,2011,Shooter,Microsoft Game Studios,6.21
142,Kinect Sports,X360,2010,Sports,Microsoft Game Studios,6.19
143,Gears of War,X360,2006,Shooter,Microsoft Game Studios,6.09
144,FIFA 15,PS4,2014,Sports,Electronic Arts,6.08
145,Metal Gear Solid 2: Sons of Liberty,PS2,2001,Action,Konami Digital Entertainment,6.05
146,Sonic the Hedgehog 2,GEN,1992,Platform,Sega,6.03
147,Metal Gear Solid,PS,1998,Action,Konami Digital Entertainment,6.03
148,Metal Gear Solid 4: Guns of the Patriots,PS3,2008,Action,Konami Digital Entertainment,5.99
149,Final Fantasy XII,PS2,2006,Role-Playing,Square Enix,5.95
150,The Last of Us,PS3,2013,Action,Sony Computer Entertainment Europe,5.87
151,LittleBigPlanet,PS3,2008,Platform,Sony Computer Entertainment,5.82
152,Resident Evil 2,PS,1998,Action,Virgin Interactive,5.82
153,Dragon Quest IX: Sentinels of the Starry Skies,DS,2009,Role-Playing,Nintendo,5.78
154,Tekken 2,PS,1996,Fighting,Sony Computer Entertainment,5.74
155,Destiny,PS4,2014,Shooter,Activision,5.64
156,LEGO Star Wars: The Complete Saga,Wii,2007,Action,LucasArts,5.64
157,Cooking Mama,DS,2006,Simulation,505 Games,5.63
158,Tetris,NES,1988,Puzzle,Nintendo,5.58
159,Super Smash Bros.,N64,1999,Fighting,Nintendo,5.55
160,Assassin's Creed II,PS3,2009,Action,Ubisoft,5.55
161,Assassin's Creed,X360,2007,Adventure,Ubisoft,5.54
162,Forza Motorsport 3,X360,2009,Racing,Microsoft Game Studios,5.49
163,Super Mario Advance,GBA,2001,Platform,Nintendo,5.49
164,Monster Hunter Freedom Unite,PSP,2008,Role-Playing,Capcom,5.48
165,Batman: Arkham City,PS3,2011,Action,Warner Bros. Interactive Entertainment,5.48
166,Grand Theft Auto V,XOne,2014,Action,Take-Two Interactive,5.48
167,Mario Kart: Super Circuit,GBA,2001,Racing,Nintendo,5.47
168,Super Mario World,GBA,2001,Platform,Nintendo,5.46
169,Pokemon Stadium,N64,1999,Strategy,Nintendo,5.45
170,Crash Bandicoot: The Wrath of Cortex,PS2,2001,Platform,Universal Interactive,5.42
171,Call of Duty: World at War,PS3,2008,Shooter,Activision,5.39
172,Uncharted 4: A Thief's End,PS4,2016,Shooter,Sony Computer Entertainment,5.38
173,Dr. Mario,GB,1989,Puzzle,Nintendo,5.34
174,Final Fantasy XIII,PS3,2009,Role-Playing,Square Enix,5.33
175,Pokemon Pinball,GB,1999,Misc,Nintendo,5.31
176,Final Fantasy IX,PS,2000,Role-Playing,SquareSoft,5.3
177,Assassin's Creed III,X360,2012,Action,Ubisoft,5.29
178,Final Fantasy X-2,PS2,2003,Role-Playing,Electronic Arts,5.29
179,Donkey Kong 64,N64,1999,Platform,Nintendo,5.27
180,Call of Duty: Advanced Warfare,XOne,2014,Shooter,Activision,5.27
181,Minecraft,PS3,2014,Misc,Sony Computer Entertainment,5.26
182,Assassin's Creed II,X360,2009,Action,Ubisoft,5.26
183,Tomb Raider II,PS,1997,Action,Eidos Interactive,5.24
184,Madden NFL 2004,PS2,N/A,Sports,Electronic Arts,5.23
185,Tomodachi Life,3DS,2013,Simulation,Nintendo,5.23
186,New Super Mario Bros. U,WiiU,2012,Platform,Nintendo,5.22
187,Dragon Quest VIII: Journey of the Cursed King,PS2,2004,Role-Playing,Square Enix,5.21
188,Super Mario Bros. 3,GBA,2003,Platform,Nintendo,5.2
189,Professor Layton and the Curious Village,DS,2007,Puzzle,Nintendo,5.19
190,Super Mario Land 3: Wario Land,GB,1994,Platform,Nintendo,5.19
191,FIFA Soccer 13,X360,2012,Action,Electronic Arts,5.16
192,Donkey Kong Country 2: Diddy's Kong Quest,SNES,1995,Platform,Nintendo,5.15
193,Diablo III,PC,2012,Role-Playing,Activision,5.14
194,Medal of Honor: Rising Sun,PS2,2003,Shooter,Electronic Arts,5.13
195,Kirby's Dream Land,GB,1992,Platform,Nintendo,5.13
196,Microsoft Flight Simulator,PC,1996,Simulation,Microsoft Game Studios,5.12
197,Guitar Hero II,PS2,2006,Misc,RedOctane,5.12
198,Fable III,X360,2010,Role-Playing,Microsoft Game Studios,5.1
199,Mario & Sonic at the Olympic Games,DS,2008,Sports,Sega,5.09
200,Resident Evil 5,PS3,2009,Action,Capcom,5.09
201,The Legend of Zelda: Phantom Hourglass,DS,2007,Action,Nintendo,5.08
202,Super Mario Bros.,GB,1999,Platform,Nintendo,5.07
203,FIFA Soccer 11,PS3,2010,Sports,Electronic Arts,5.07
204,Resident Evil,PS,1996,Action,Virgin Interactive,5.05
205,Grand Theft Auto: Vice City Stories,PSP,2006,Action,Take-Two Interactive,5.03
206,Tony Hawk's Pro Skater,PS,1999,Sports,Activision,5.02
207,Warzone 2100,PS,1999,Strategy,Eidos Interactive,5.01
208,Spyro the Dragon,PS,1998,Platform,Sony Computer Entertainment,5
209,Guitar Hero III: Legends of Rock,PS2,2007,Misc,Activision,4.98
210,Link's Crossbow Training,Wii,2007,Shooter,Nintendo,4.98
211,Pokemon Mystery Dungeon: Explorers of Time/Explorers of Darkness,DS,2007,Role-Playing,Nintendo,4.93
212,Fallout 3,X360,2008,Role-Playing,Bethesda Softworks,4.93
213,Uncharted: Drake's Fortune,PS3,2007,Action,Sony Computer Entertainment,4.92
214,Madden NFL 06,PS2,2005,Sports,Electronic Arts,4.91
215,Diddy Kong Racing,N64,1997,Racing,Nintendo,4.88
216,Monster Hunter Freedom 3,PSP,2010,Role-Playing,Capcom,4.87
217,Super Smash Bros. for Wii U and 3DS,WiiU,2014,Fighting,Nintendo,4.87
218,Dr. Mario,NES,1990,Puzzle,Nintendo,4.85
219,StarCraft II: Wings of Liberty,PC,2010,Strategy,Activision,4.84
220,Assassin's Creed,PS3,2007,Adventure,Ubisoft,4.82
221,God of War III,PS3,2010,Action,Sony Computer Entertainment,4.8
222,Crash Team Racing,PS,1999,Racing,Sony Computer Entertainment,4.79
223,LEGO Star Wars: The Complete Saga,DS,2007,Action,LucasArts,4.76
224,Driver 2,PS,2000,Action,Atari,4.73
225,Batman: Arkham City,X360,2011,Action,Warner Bros. Interactive Entertainment,4.73
226,The Last of Us,PS4,2014,Action,Sony Computer Entertainment,4.71
227,The Simpsons: Hit & Run,PS2,2003,Racing,Vivendi Games,4.7
228,Tony Hawk's Pro Skater 2,PS,2000,Sports,Activision,4.68
229,The Lord of the Rings: The Two Towers,PS2,2002,Action,Electronic Arts,4.67
230,Tomb Raider,PS,1996,Action,Eidos Interactive,4.63
231,Animal Crossing: City Folk,Wii,2008,Simulation,Nintendo,4.62
232,Uncharted: The Nathan Drake Collection,PS4,2015,Action,Sony Computer Entertainment,4.62
233,The Legend of Zelda: A Link to the Past,SNES,1991,Action,Nintendo,4.61
234,The Legend of Zelda: The Wind Waker,GC,2002,Action,Nintendo,4.6
235,Guitar Hero III: Legends of Rock,Wii,2007,Misc,Activision,4.6
236,Luigi's Mansion: Dark Moon,3DS,2013,Action,Nintendo,4.59
237,Forza Motorsport 4,X360,2011,Racing,Microsoft Game Studios,4.57
238,Mario & Sonic at the Olympic Winter Games,Wii,2009,Sports,Sega,4.53
239,Madden NFL 2005,PS2,2004,Sports,Electronic Arts,4.53
240,Guitar Hero III: Legends of Rock,X360,2007,Misc,Activision,4.53
241,Pitfall!,2600,1981,Platform,Activision,4.5
242,Madden NFL 07,PS2,2006,Sports,Electronic Arts,4.49
243,Halo 5: Guardians,XOne,2015,Shooter,Microsoft Game Studios,4.48
244,Spider-Man: The Movie,PS2,2002,Action,Activision,4.48
245,Dragon Quest VII: Warriors of Eden,PS,2000,Role-Playing,Enix Corporation,4.47
246,Call of Duty: Infinite Warfare,PS4,2016,Shooter,Activision,4.46
247,God of War,PS2,2005,Action,Sony Computer Entertainment,4.45
248,Splatoon,WiiU,2015,Shooter,Nintendo,4.43
249,Nintendo Land,WiiU,2012,Misc,Nintendo,4.42
250,Tony Hawk's Pro Skater 3,PS2,2001,Sports,Activision,4.41
251,Winning Eleven: Pro Evolution Soccer 2007,PS2,2006,Sports,Konami Digital Entertainment,4.39
252,The Elder Scrolls IV: Oblivion,X360,2006,Role-Playing,Take-Two Interactive,4.38
253,Zelda II: The Adventure of Link,NES,1987,Adventure,Nintendo,4.38
254,Need for Speed: Most Wanted,PS2,2005,Racing,Electronic Arts,4.37
255,Michael Jackson: The Experience,Wii,2010,Misc,Ubisoft,4.36
256,Call of Duty: Advanced Warfare,PS3,2014,Shooter,Activision,4.36
257,Resistance: Fall of Man,PS3,2006,Shooter,Sony Computer Entertainment,4.34
258,Sonic the Hedgehog,GEN,1991,Platform,Sega,4.34
259,Kingdom Hearts II,PS2,2005,Role-Playing,Square Enix,4.33
260,The Legend of Zelda: Ocarina of Time,3DS,2011,Action,Nintendo,4.33
261,Super Mario 3D World,WiiU,2013,Platform,Nintendo,4.32
262,Minecraft,PS4,2014,Misc,Sony Computer Entertainment Europe,4.32
263,Asteroids,2600,1980,Shooter,Atari,4.31
264,Call of Duty: Advanced Warfare,X360,2014,Shooter,Activision,4.29
265,FIFA 15,PS3,2014,Sports,Electronic Arts,4.28
266,Fable II,X360,2008,Role-Playing,Microsoft Game Studios,4.27
267,Namco Museum,GBA,2001,Misc,Namco Bandai Games,4.24
268,Batman: Arkham Asylum,PS3,2009,Action,Eidos Interactive,4.23
269,Metal Gear Solid 3: Snake Eater,PS2,2004,Action,Konami Digital Entertainment,4.23
270,Assassin's Creed: Revelations,PS3,2011,Action,Ubisoft,4.22
271,Fallout 4,XOne,2015,Role-Playing,Bethesda Softworks,4.22
272,FIFA 14,X360,2013,Sports,Electronic Arts,4.22
273,Daxter,PSP,2006,Platform,Sony Computer Entertainment,4.21
274,Warcraft II: Tides of Darkness,PC,1995,Strategy,Activision,4.21
275,FIFA Soccer 06,PS2,2005,Sports,Electronic Arts,4.21
276,EyeToy Play,PS2,2003,Misc,Sony Computer Entertainment,4.2
277,Gran Turismo 5 Prologue,PS3,2007,Racing,Sony Computer Entertainment,4.19
278,Assassin's Creed: Revelations,X360,2011,Action,Ubisoft,4.19
279,FIFA 12,X360,2011,Sports,Electronic Arts,4.18
280,Teenage Mutant Ninja Turtles,NES,1989,Action,Palcom,4.17
281,Street Fighter IV,PS3,2009,Fighting,Capcom,4.16
282,Excitebike,NES,1984,Racing,Nintendo,4.16
283,Frogger,PS,1997,Action,Hasbro Interactive,4.16
284,Madden NFL 2003,PS2,2002,Sports,Electronic Arts,4.14
285,Half-Life,PC,1997,Shooter,Vivendi Games,4.12
286,Super Mario World 2: Yoshi's Island,SNES,1995,Platform,Nintendo,4.12
287,FIFA Soccer 07,PS2,2006,Sports,Electronic Arts,4.11
288,Street Fighter II Turbo,SNES,1992,Fighting,Capcom,4.1
289,World of Warcraft: The Burning Crusade,PC,2007,Role-Playing,Activision,4.09
290,Battlefield 1,PS4,2016,Shooter,Electronic Arts,4.08
291,God of War II,PS2,2007,Action,Sony Computer Entertainment,4.07
292,World Soccer Winning Eleven 9,PS2,2005,Sports,Konami Digital Entertainment,4.06
293,Fallout: New Vegas,X360,2010,Role-Playing,Bethesda Softworks,4.05
294,Forza Motorsport 2,X360,2007,Racing,Microsoft Game Studios,4.05
295,Carnival Games,Wii,2007,Misc,Take-Two Interactive,4.05
296,Watch Dogs,PS4,2014,Action,Ubisoft,4.05
297,Namco Museum Vol.3,PS,1996,Misc,Sony Computer Entertainment,4.05
298,Tekken Tag Tournament,PS2,2000,Fighting,Namco Bandai Games,4.05
299,Far Cry 4,PS4,2014,Shooter,Ubisoft,4.04
300,Star Fox 64,N64,1997,Shooter,Nintendo,4.03
301,Golf,NES,1984,Sports,Nintendo,4.01
302,Namco Museum: 50th Anniversary,PS2,2005,Misc,Namco Bandai Games,3.98
303,Left 4 Dead 2,X360,2009,Shooter,Electronic Arts,3.97
304,The Witcher 3: Wild Hunt,PS4,2015,Role-Playing,Namco Bandai Games,3.97
305,Assassin's Creed: Unity,PS4,2014,Action,Ubisoft,3.96
306,Batman: Arkham Knight,PS4,2015,Action,Warner Bros. Interactive Entertainment,3.95
307,The Legend of Zelda: Skyward Sword,Wii,2011,Action,Nintendo,3.95
308,Fallout 3,PS3,2008,Role-Playing,Bethesda Softworks,3.94
309,Professor Layton and the Diabolical Box,DS,2007,Puzzle,Nintendo,3.94
310,Donkey Kong Land,GB,1994,Platform,Nintendo,3.91
311,EA Sports Active,Wii,2009,Sports,Electronic Arts,3.9
312,Tony Hawk's Underground,PS2,2003,Sports,Activision,3.9
313,Monster Hunter 4 Ultimate,3DS,2014,Role-Playing,Nintendo,3.89
314,The Elder Scrolls V: Skyrim,PC,2011,Role-Playing,Bethesda Softworks,3.88
315,NBA 2K16,PS4,2015,Sports,Take-Two Interactive,3.88
316,Tekken 5,PS2,2005,Fighting,Namco Bandai Games,3.87
317,Dragon Warrior III,NES,1988,Role-Playing,Enix Corporation,3.87
318,MotorStorm,PS3,2006,Racing,Sony Computer Entertainment,3.87
319,Nintendogs + cats,3DS,2011,Simulation,Nintendo,3.85
320,World Soccer Winning Eleven 8 International,PS2,2004,Sports,Konami Digital Entertainment,3.85
321,Sports Champions,PS3,2010,Sports,Sony Computer Entertainment,3.84
322,Namco Museum Vol.1,PS,1995,Misc,Sony Computer Entertainment,3.84
323,The Legend of Zelda: Link's Awakening,GB,1992,Action,Nintendo,3.83
324,Call of Duty: Ghosts,PS4,2013,Shooter,Activision,3.83
325,Flash Focus: Vision Training in Minutes a Day,DS,2007,Misc,Nintendo,3.83
326,Tom Clancy's The Division,PS4,2016,Shooter,Ubisoft,3.8
327,Big Brain Academy: Wii Degree,Wii,2007,Misc,Nintendo,3.79
328,Resident Evil Director's Cut,PS,1996,Action,Virgin Interactive,3.77
329,Mario & Luigi: Bowser's Inside Story,DS,2009,Role-Playing,Nintendo,3.77
330,LEGO Indiana Jones: The Original Adventures,X360,2008,Action,Activision,3.76
331,The Sims: Unleashed,PC,2002,Simulation,Electronic Arts,3.76
332,Ratchet & Clank: Size Matters,PSP,2007,Platform,Sony Computer Entertainment,3.74
333,Harry Potter and the Sorcerer's Stone,PS,2001,Action,Electronic Arts,3.73
334,Mario & Sonic at the London 2012 Olympic Games,Wii,2011,Sports,Sega,3.72
335,Resident Evil 3: Nemesis,PS,1999,Action,Eidos Interactive,3.72
336,Super Paper Mario,Wii,2007,Platform,Nintendo,3.71
337,Spyro: Year of the Dragon,PS,2000,Platform,Sony Computer Entertainment,3.71
338,Assassin's Creed IV: Black Flag,PS3,2013,Action,Ubisoft,3.71
339,FIFA Soccer 2005,PS2,2004,Sports,Electronic Arts,3.7
340,Pokémon Trading Card Game,GB,1998,Strategy,Nintendo,3.7
341,Friend Collection,DS,2009,Misc,Nintendo,3.67
342,Tony Hawk's Pro Skater 4,PS2,2002,Sports,Activision,3.67
343,Star Wars Battlefront (2015),XOne,2015,Shooter,Electronic Arts,3.66
344,MySims,DS,2007,Simulation,Electronic Arts,3.66
345,Midnight Club 3: DUB Edition,PSP,2005,Racing,Take-Two Interactive,3.65
346,Banjo-Kazooie,N64,1998,Platform,Nintendo,3.65
347,SOCOM: U.S. Navy SEALs,PS2,2002,Shooter,Sony Computer Entertainment,3.65
348,Jak and Daxter: The Precursor Legacy,PS2,2001,Platform,Sony Computer Entertainment,3.64
349,Pokemon Snap,N64,1999,Simulation,Nintendo,3.63
350,Pro Evolution Soccer 2008,PS2,2007,Sports,Konami Digital Entertainment,3.63
351,Resident Evil 4,PS2,2005,Action,Capcom,3.62
352,Guitar Hero: World Tour,Wii,2008,Misc,Activision,3.62
353,FIFA Soccer 10,PS3,2009,Sports,Electronic Arts,3.62
354,Star Wars: Battlefront,PS2,2004,Shooter,LucasArts,3.61
355,Doom II: Hell on Earth,PC,1994,Shooter,Virgin Interactive,3.61
356,The Simpsons: Road Rage,PS2,2001,Racing,Electronic Arts,3.61
357,Luigi's Mansion,GC,2001,Action,Nintendo,3.6
358,Battlefield 4,PS4,2013,Shooter,Electronic Arts,3.59
359,Star Wars: Battlefront II,PS2,2005,Shooter,LucasArts,3.59
360,Just Dance 2014,Wii,2013,Misc,Ubisoft,3.59
361,Cooking Mama 2: Dinner With Friends,DS,2007,Simulation,505 Games,3.58
362,WWF SmackDown!,PS,2000,Fighting,THQ,3.58
363,Croc: Legend of the Gobbos,PS,1997,Platform,Fox Interactive,3.56
364,Grand Theft Auto: Liberty City Stories,PS2,2006,Action,Take-Two Interactive,3.54
365,The Getaway,PS2,2002,Action,Sony Computer Entertainment,3.54
366,Tomb Raider III: Adventures of Lara Croft,PS,1997,Action,Eidos Interactive,3.54
367,James Bond 007: Agent Under Fire,PS2,2001,Shooter,Electronic Arts,3.53
368,LEGO Star Wars: The Video Game,PS2,2005,Action,Eidos Interactive,3.53
369,Rugrats in Paris: The Movie,PS,2000,Action,THQ,3.52
370,FIFA Soccer 11,X360,2010,Sports,Electronic Arts,3.52
371,Spyro 2: Ripto's Rage!,PS,1999,Platform,Sony Computer Entertainment,3.52
372,Left 4 Dead,X360,2008,Shooter,Electronic Arts,3.51
373,Donkey Kong Country 3: Dixie Kong's Double Trouble!,SNES,1996,Platform,Nintendo,3.51
374,Assassin's Creed: Unity,XOne,2014,Action,Ubisoft,3.5
375,Kung Fu,NES,1985,Action,Nintendo,3.5
376,Resident Evil 5,X360,2009,Action,Capcom,3.5
377,Assassin's Creed: Brotherhood,X360,2010,Action,Ubisoft,3.49
378,FIFA Soccer 2004,PS2,N/A,Sports,Electronic Arts,3.49
379,Battlefield 4,PS3,2013,Shooter,Electronic Arts,3.49
380,Batman: Arkham Asylum,X360,2009,Action,Eidos Interactive,3.48
381,Battlefield 4,X360,2013,Shooter,Electronic Arts,3.48
382,Battlefield: Bad Company 2,X360,2010,Shooter,Electronic Arts,3.47
383,Mario & Sonic at the Olympic Winter Games,DS,2009,Sports,Sega,3.46
384,Guitar Hero: On Tour,DS,2008,Misc,Activision,3.46
385,Clubhouse Games,DS,2006,Misc,Nintendo,3.45
386,Monster Hunter 4,3DS,2013,Role-Playing,Capcom,3.44
387,Borderlands,X360,2009,Shooter,Take-Two Interactive,3.44
388,Tekken 4,PS2,2002,Fighting,Namco Bandai Games,3.44
389,Final Fantasy III,SNES,1994,Role-Playing,SquareSoft,3.42
390,Grand Theft Auto 2,PS,1998,Action,Take-Two Interactive,3.42
391,Metal Gear Solid V: The Phantom Pain,PS4,2015,Action,Konami Digital Entertainment,3.41
392,Spider-Man 2,PS2,2004,Action,Activision,3.41
393,F-1 Race,GB,1990,Racing,Nintendo,3.41
394,FIFA Soccer 2003,PS2,2002,Sports,Electronic Arts,3.4
395,LittleBigPlanet 2,PS3,2011,Platform,Sony Computer Entertainment,3.39
396,Crash Bash,PS,2000,Misc,Sony Computer Entertainment,3.39
397,Assassin's Creed Syndicate,PS4,2015,Action,Ubisoft,3.39
398,LEGO Batman: The Videogame,X360,2008,Action,Warner Bros. Interactive Entertainment,3.38
399,Destiny,XOne,2014,Shooter,Activision,3.37
400,WWF War Zone,PS,1998,Fighting,Acclaim Entertainment,3.36
401,The Legend of Zelda: Majora's Mask,N64,2000,Action,Nintendo,3.36
402,Far Cry 3,PS3,2012,Shooter,Ubisoft,3.35
403,Rugrats: Search For Reptar,PS,1998,Adventure,THQ,3.34
404,English Training: Have Fun Improving Your Skills!,DS,2006,Misc,Nintendo,3.33
405,James Bond 007: Nightfire,PS2,2002,Shooter,Electronic Arts,3.33
406,Ratchet & Clank,PS2,2002,Platform,Sony Computer Entertainment,3.33
407,Monster Hunter X,3DS,2015,Action,Capcom,3.32
408,Star Wars Episode III: Revenge of the Sith,PS2,2005,Action,LucasArts,3.32
409,The Legend of Zelda: Spirit Tracks,DS,2009,Action,Nintendo,3.31
410,Max Payne,PS2,2001,Shooter,Take-Two Interactive,3.31
411,Assassin's Creed IV: Black Flag,X360,2013,Action,Ubisoft,3.3
412,The Lord of the Rings: The Return of the King,PS2,2003,Action,Electronic Arts,3.28
413,Yokai Watch 2 Ganso/Honke,3DS,2014,Role-Playing,Nintendo,3.28
414,Gears of War: Ultimate Edition,XOne,2015,Shooter,Microsoft Game Studios,3.28
415,True Crime: Streets of LA,PS2,2003,Action,Activision,3.27
416,Professor Layton and the Unwound Future,DS,2008,Puzzle,Nintendo,3.26
417,Gran Turismo (PSP),PSP,2009,Racing,Sony Computer Entertainment,3.25
418,FIFA 16,XOne,2015,Sports,Electronic Arts,3.25
419,Wii Music,Wii,2008,Misc,Nintendo,3.25
420,Tekken,PS,1995,Fighting,Sony Computer Entertainment,3.24
421,Madden NFL 16,PS4,2015,Sports,Electronic Arts,3.24
422,Gran Turismo 6,PS3,2013,Racing,Sony Computer Entertainment,3.23
423,Halo: The Master Chief Collection,XOne,2014,Shooter,Microsoft Game Studios,3.23
424,007: Tomorrow Never Dies,PS,1999,Shooter,Electronic Arts,3.21
425,Super Mario Maker,WiiU,2015,Platform,Nintendo,3.21
426,WWF SmackDown! 2: Know Your Role,PS,2000,Fighting,THQ,3.2
427,Baseball,NES,1983,Sports,Nintendo,3.2
428,Killer Instinct,SNES,1995,Fighting,Nintendo,3.2
429,Dragon Quest VI: Maboroshi no Daichi,SNES,1995,Role-Playing,Enix Corporation,3.19
430,God of War: Chains of Olympus,PSP,2008,Action,Sony Computer Entertainment,3.18
431,Enter the Matrix,PS2,2003,Action,Atari,3.18
432,Crisis Core: Final Fantasy VII,PSP,2007,Role-Playing,Square Enix,3.18
433,Dance Central,X360,2010,Misc,MTV Games,3.17
434,L.A. Noire,PS3,2011,Adventure,Take-Two Interactive,3.17
435,Ace Combat 04: Shattered Skies,PS2,2001,Simulation,Sony Computer Entertainment Europe,3.17
436,Animal Crossing,GC,2001,Simulation,Nintendo,3.15
437,FIFA Soccer 08,PS2,2007,Sports,Electronic Arts,3.14
438,Club Penguin: Elite Penguin Force,DS,2008,Adventure,Disney Interactive Studios,3.14
439,Spider-Man,PS,2000,Action,Activision,3.13
440,Mario Party 9,Wii,2012,Misc,Nintendo,3.13
441,Need for Speed III: Hot Pursuit,PS,1998,Racing,Electronic Arts,3.12
442,Star Wars Episode I Racer,N64,1999,Racing,Nintendo,3.12
443,Sonic Rush,DS,2005,Platform,Sega,3.12
444,Dragon Warrior IV,NES,1990,Role-Playing,Enix Corporation,3.12
445,Rhythm Heaven,DS,2008,Misc,Nintendo,3.11
446,Fallout: New Vegas,PS3,2010,Role-Playing,Bethesda Softworks,3.11
447,Personal Trainer: Cooking,DS,2006,Misc,Nintendo,3.11
448,The Elder Scrolls IV: Oblivion,PS3,2007,Role-Playing,Ubisoft,3.1
449,The Legend of Zelda: A Link Between Worlds,3DS,2013,Action,Nintendo,3.1
450,Resident Evil 6,PS3,2012,Shooter,Capcom,3.1
451,Mass Effect 2,X360,2010,Role-Playing,Electronic Arts,3.1
452,Dragon Ball Z: Budokai,PS2,2002,Fighting,Atari,3.09
453,Madden NFL 2002,PS2,2001,Sports,Electronic Arts,3.08
454,World Class Track Meet,NES,1986,Sports,Namco Bandai Games,3.08
455,Donkey Kong,GB,1994,Platform,Nintendo,3.07
456,The Sims: Vacation,PC,2002,Simulation,Electronic Arts,3.07
457,LEGO Batman: The Videogame,Wii,N/A,Action,Warner Bros. Interactive Entertainment,3.06
458,Animal Crossing: Happy Home Designer,3DS,2015,Simulation,Nintendo,3.05
459,The Sims 4,PC,2014,Simulation,Electronic Arts,3.05
460,Borderlands 2,X360,2012,Shooter,Take-Two Interactive,3.05
461,LEGO Batman: The Videogame,DS,2008,Action,Warner Bros. Interactive Entertainment,3.05
462,Kung Fu Panda,X360,2008,Action,Activision,3.04
463,Mass Effect 3,X360,2012,Role-Playing,Electronic Arts,3.04
464,Heavy Rain,PS3,2010,Adventure,Sony Computer Entertainment,3.03
465,Rayman,PS,1995,Platform,Ubisoft,3.03
466,Saints Row 2,X360,2008,Action,THQ,3.03
467,Tom Clancy's Splinter Cell,XB,2002,Action,Ubisoft,3.02
468,Mike Tyson's Punch-Out!!,NES,1987,Fighting,Nintendo,3.02
469,WWE SmackDown! Shut Your Mouth,PS2,2002,Sports,THQ,3.02
470,FIFA 14,PS4,2013,Sports,Electronic Arts,3.01
471,Killzone 2,PS3,2009,Shooter,Sony Computer Entertainment,3.01
472,Far Cry 3,X360,2012,Shooter,Ubisoft,3
473,Epic Mickey,Wii,2010,Platform,Disney Interactive Studios,3
474,NBA 2K13,X360,2012,Sports,Take-Two Interactive,3
475,Dragon Ball Z: Budokai Tenkaichi 3,PS2,2007,Fighting,Atari,3
476,wwe Smackdown vs. Raw 2006,PS2,N/A,Fighting,N/A,3
477,Star Fox,SNES,1993,Shooter,Nintendo,2.99
478,The Sims: Livin Large,PC,2000,Misc,Electronic Arts,2.99
479,World Soccer Winning Eleven 6 International,PS2,2002,Sports,Konami Digital Entertainment,2.99
480,Devil May Cry,PS2,2001,Action,Capcom,2.99
481,Star Wars: The Old Republic,PC,2011,Role-Playing,Electronic Arts,2.96
482,Middle-Earth: Shadow of Mordor,PS4,2014,Action,Warner Bros. Interactive Entertainment,2.96
483,Sonic Heroes,PS2,2003,Platform,Sega,2.96
484,Hitman 2: Silent Assassin,PS2,2002,Action,Eidos Interactive,2.96
485,Titanfall,XOne,2014,Shooter,Electronic Arts,2.95
486,Battlefield: Bad Company 2,PS3,2010,Shooter,Electronic Arts,2.95
487,Wave Race 64,N64,1996,Racing,Nintendo,2.94
488,SOCOM II: U.S. Navy SEALs,PS2,2003,Shooter,Sony Computer Entertainment,2.94
489,WWE SmackDown! vs. RAW 2006,PS2,2005,Fighting,THQ,2.94
490,Pac-Man Collection,GBA,2001,Puzzle,Atari,2.94
491,Street Fighter IV,X360,2009,Fighting,Capcom,2.94
492,inFAMOUS,PS3,2009,Action,Sony Computer Entertainment,2.93
493,Kirby Super Star Ultra,DS,2008,Platform,Nintendo,2.92
494,Call of Duty: Ghosts,XOne,2013,Shooter,Activision,2.92
495,FIFA 15,X360,2014,Sports,Electronic Arts,2.92
496,Super Mario World 2: Yoshi's Island,GBA,2002,Platform,Nintendo,2.91
497,Mass Effect,X360,2007,Role-Playing,Microsoft Game Studios,2.91
498,Sonic Mega Collection Plus,PS2,2004,Misc,Sega,2.9
499,World Soccer Winning Eleven 7 International,PS2,2003,Sports,Konami Digital Entertainment,2.9
500,Sega Superstars Tennis,X360,2008,Sports,Sega,2.89
501,Hot Shots Golf 3,PS2,2001,Sports,Sony Computer Entertainment,2.89
502,Cooking Mama: Cook Off,Wii,2007,Simulation,505 Games,2.89
503,Call of Duty: Finest Hour,PS2,2004,Shooter,Activision,2.89
504,WarioWare: Smooth Moves,Wii,2006,Puzzle,Nintendo,2.89
505,Syphon Filter,PS,1999,Shooter,Sony Computer Entertainment,2.88
506,Imagine: Babyz,DS,2007,Simulation,Ubisoft,2.87
507,Colin McRae Rally,PS,1998,Racing,Codemasters,2.87
508,Madden NFL 13,X360,2012,Sports,Electronic Arts,2.86
509,The Elder Scrolls III: Morrowind,XB,2002,Role-Playing,Ubisoft,2.86
510,Assassin's Creed IV: Black Flag,PS4,2013,Action,Ubisoft,2.85
511,Command & Conquer: Red Alert,PC,1996,Strategy,Virgin Interactive,2.85
512,F-Zero,SNES,1990,Racing,Nintendo,2.85
513,Yoshi's Story,N64,1997,Platform,Nintendo,2.85
514,Mortal Kombat,PS3,2011,Fighting,Warner Bros. Interactive Entertainment,2.84
515,Madden NFL 10,X360,2009,Sports,Electronic Arts,2.83
516,WWE SmackDown! vs. Raw,PS2,2002,Fighting,THQ,2.83
517,BioShock,X360,2007,Shooter,Take-Two Interactive,2.83
518,Metroid Prime,GC,2002,Shooter,Nintendo,2.82
519,Assassin's Creed: Brotherhood,PS3,2010,Action,Ubisoft,2.82
520,Finding Nemo,GBA,2003,Action,THQ,2.82
521,Zumba Fitness 2,Wii,2011,Sports,Majesco Entertainment,2.81
522,Myst,PC,1994,Adventure,Red Orb,2.81
523,Medal of Honor,PS3,2010,Shooter,Electronic Arts,2.81
524,Need for Speed: Most Wanted,PS3,2012,Racing,Electronic Arts,2.81
525,Imagine: Fashion Designer,DS,2007,Simulation,Ubisoft,2.8
526,WWE SmackDown! Here Comes the Pain,PS2,2003,Fighting,THQ,2.8
527,Hot Shots Golf,PS,1997,Sports,Sony Computer Entertainment,2.79
528,A Bug's Life,PS,1998,Platform,Sony Computer Entertainment,2.79
529,WWF SmackDown! Just Bring It,PS2,2001,Fighting,THQ,2.79
530,inFAMOUS: Second Son,PS4,2014,Action,Sony Computer Entertainment,2.79
531,Dragon Quest V: Tenkuu no Hanayome,SNES,1992,Role-Playing,Enix Corporation,2.79
532,Mortal Kombat Trilogy,PS,1996,Fighting,GT Interactive,2.79
533,Monster Hunter Tri,3DS,2011,Role-Playing,Nintendo,2.79
534,NBA Street,PS2,2001,Sports,Electronic Arts,2.79
535,Jak II,PS2,2003,Platform,Sony Computer Entertainment,2.78
536,Ratchet & Clank: Going Commando,PS2,2003,Platform,Sony Computer Entertainment,2.78
537,Need for Speed: Hot Pursuit,PS3,2010,Racing,Electronic Arts,2.78
538,Skylanders: Spyro's Adventure,Wii,2011,Action,Activision,2.78
539,Battlefield 3,PC,2011,Shooter,Electronic Arts,2.78
540,Mortal Kombat X,PS4,2015,Fighting,Warner Bros. Interactive Entertainment,2.78
541,The Sims,PS2,2003,Simulation,Electronic Arts,2.77
542,Killzone 3,PS3,2011,Shooter,Sony Computer Entertainment,2.77
543,Star Wars: The Force Unleashed,X360,2008,Action,LucasArts,2.77
544,Minecraft,XOne,2014,Misc,Microsoft Game Studios,2.76
545,Yoshi's Island DS,DS,2006,Platform,Nintendo,2.76
546,Saints Row: The Third,X360,2011,Action,THQ,2.76
547,Missile Command,2600,1980,Shooter,Atari,2.76
548,Mario Paint,SNES,1992,Misc,Nintendo,2.75
549,Tekken 6,PS3,2009,Fighting,Namco Bandai Games,2.75
550,Pokémon Stadium 2,N64,2000,Strategy,Nintendo,2.73
551,Metroid,NES,1986,Action,Nintendo,2.73
552,Sonic and the Secret Rings,Wii,2007,Platform,Sega,2.73
553,FIFA 16,PS3,2015,Sports,Electronic Arts,2.71
554,The Legend of Zelda: A Link to the Past,GBA,2002,Action,Nintendo,2.7
555,Onimusha: Warlords,PS2,2001,Action,Virgin Interactive,2.7
556,Mario Party,N64,1998,Misc,Nintendo,2.7
557,L.A. Noire,X360,2011,Adventure,Take-Two Interactive,2.7
558,Call of Duty 3,X360,2006,Shooter,Activision,2.7
559,Madden NFL 12,X360,2011,Sports,Electronic Arts,2.69
560,LEGO Star Wars II: The Original Trilogy,PS2,2006,Action,LucasArts,2.69
561,Killzone: Shadow Fall,PS4,2013,Shooter,Sony Computer Entertainment,2.69
562,Madden NFL 11,X360,2010,Sports,Electronic Arts,2.69
563,Burnout 3: Takedown,PS2,2004,Racing,Electronic Arts,2.68
564,Yokai Watch 2 Shinuchi,3DS,2014,Role-Playing,Level 5,2.68
565,Mortal Kombat,GEN,1992,Fighting,Arena Entertainment,2.67
566,Mario vs. Donkey Kong: Mini-Land Mayhem!,DS,2010,Puzzle,Nintendo,2.67
567,Professor Layton and the Last Specter,DS,2009,Puzzle,Nintendo,2.67
568,Call Of Duty 2: Big Red One,PS2,2005,Shooter,Activision,2.67
569,Medal of Honor,PS,1998,Shooter,Electronic Arts,2.67
570,Fable,XB,2004,Role-Playing,Microsoft Game Studios,2.66
571,Guitar Hero: World Tour,X360,2008,Misc,Activision,2.66
572,FIFA 17,XOne,2016,Sports,Electronic Arts,2.65
573,Hannah Montana,DS,2006,Action,Disney Interactive Studios,2.65
574,Tom Clancy's Splinter Cell,PS2,2003,Action,Ubisoft,2.65
575,Super Mario Bros.: The Lost Levels,NES,1986,Platform,Nintendo,2.65
576,Need for Speed: Shift,PS3,2009,Racing,Electronic Arts,2.65
577,Star Wars: Shadows of the Empire,N64,1996,Action,Nintendo,2.65
578,Medal of Honor Heroes,PSP,2006,Shooter,Electronic Arts,2.65
579,Final Fantasy XIII-2,PS3,2011,Role-Playing,Square Enix,2.63
580,Midnight Club: Street Racing,PS2,2000,Racing,Take-Two Interactive,2.63
581,Skate 3,X360,2010,Sports,Electronic Arts,2.63
582,ESPN NFL 2K5,PS2,2004,Sports,Sega,2.62
583,Halo Wars,X360,2009,Strategy,Microsoft Game Studios,2.62
584,NBA 2K12,X360,2011,Sports,Take-Two Interactive,2.62
585,Pac-Man: Adventures in Time,PSP,2006,Fighting,Sony Computer Entertainment,2.62
586,FIFA Soccer 10,X360,2009,Sports,Electronic Arts,2.62
587,Medal of Honor,X360,2010,Shooter,Electronic Arts,2.61
588,Harry Potter and the Chamber of Secrets,PS2,2002,Action,Electronic Arts,2.61
589,Streets of Rage,GEN,1990,Action,Sega,2.6
590,God of War Collection,PS3,2009,Action,Sony Computer Entertainment,2.6
591,NBA Live 2005,PS2,2004,Sports,Electronic Arts,2.59
592,Mario Strikers Charged,Wii,2007,Sports,Nintendo,2.58
593,FIFA Soccer 09,PS3,2008,Sports,Electronic Arts,2.58
594,Style Savvy,DS,2008,Simulation,Nintendo,2.58
595,WWE SmackDown vs. RAW 2007,PS2,2006,Fighting,THQ,2.58
596,LEGO Star Wars: The Complete Saga,X360,2007,Action,LucasArts,2.57
597,Ratchet & Clank: Up Your Arsenal,PS2,2004,Platform,Sony Computer Entertainment,2.57
598,Madden NFL 08,PS2,2007,Sports,Electronic Arts,2.57
599,Monster Hunter Freedom 2,PSP,2007,Role-Playing,Capcom,2.57
600,Ratchet & Clank Future: Tools of Destruction,PS3,2007,Platform,Sony Computer Entertainment,2.56
601,Super Mario All-Stars: Limited Edition,Wii,2010,Platform,Nintendo,2.56
602,Sonic Adventure 2 Battle,GC,2001,Platform,Sega,2.56
603,Dragon Warrior II,NES,1987,Role-Playing,Enix Corporation,2.56
604,Ghostbusters: The Video Game (DS Version),X360,2009,Action,Take-Two Interactive,2.56
605,Madden NFL 13,PS3,2012,Sports,Electronic Arts,2.56
606,Dragon Age: Origins,X360,2009,Role-Playing,Electronic Arts,2.56
607,Pokémon Colosseum,GC,2003,Role-Playing,Nintendo,2.54
608,LittleBigPlanet,PSP,2009,Platform,Sony Computer Entertainment,2.54
609,Madden NFL 09,X360,2008,Sports,Electronic Arts,2.53
610,Space Invaders,2600,N/A,Shooter,Atari,2.53
611,Crazy Taxi,PS2,2001,Racing,Acclaim Entertainment,2.52
612,Art Academy,DS,2010,Misc,Nintendo,2.52
613,NBA 2K14,X360,2013,Sports,Take-Two Interactive,2.52
614,Perfect Dark,N64,2000,Action,Nintendo,2.52
615,Skylanders Giants,Wii,2012,Action,Activision,2.52
616,Dragon Warrior,NES,1986,Role-Playing,Capcom,2.52
617,Deca Sports,Wii,2008,Sports,Konami Digital Entertainment,2.5
618,PES 2009: Pro Evolution Soccer,PS2,2008,Sports,Konami Digital Entertainment,2.5
619,Mario Party 2,N64,1999,Misc,Nintendo,2.5
620,Marvel: Ultimate Alliance,X360,2006,Role-Playing,Activision,2.5
621,Rockstar Games Double Pack: Grand Theft Auto III & Grand Theft Auto Vice City,XB,2003,Action,Take-Two Interactive,2.49
622,Mortal Kombat: Deadly Alliance,PS2,2002,Fighting,Midway Games,2.49
623,Game Party,Wii,2007,Misc,Midway Games,2.48
624,Bloodborne,PS4,2015,Action,Sony Computer Entertainment,2.48
625,Tomb Raider: The Last Revelation,PS,1998,Action,Eidos Interactive,2.48
626,Mario Party 4,GC,2002,Misc,Nintendo,2.47
627,Pure,X360,2008,Racing,Disney Interactive Studios,2.47
628,Rock Band,X360,N/A,Misc,Electronic Arts,2.47
629,NBA 2K13,PS3,2012,Sports,Take-Two Interactive,2.47
630,Saints Row: The Third,PS3,2011,Action,THQ,2.47
631,Resistance 2,PS3,2008,Shooter,Sony Computer Entertainment,2.46
632,NBA 2K15,PS4,2014,Sports,Take-Two Interactive,2.45
633,Final Fantasy V,SNES,1992,Role-Playing,SquareSoft,2.45
634,Final Fantasy Tactics,PS,1997,Role-Playing,SquareSoft,2.45
635,Midnight Club: Los Angeles,PS3,2008,Racing,Take-Two Interactive,2.45
636,Twisted Metal 2,PS,1996,Racing,Sony Computer Entertainment,2.44
637,The Sims: Bustin' Out,PS2,2003,Simulation,Electronic Arts,2.43
638,Riven: The Sequel to Myst,PC,1997,Adventure,Red Orb,2.43
639,LEGO Harry Potter: Years 1-4,Wii,2010,Action,Warner Bros. Interactive Entertainment,2.43
640,Need for Speed (2015),PS4,2015,Racing,Electronic Arts,2.43
641,Call of Duty: Infinite Warfare,XOne,2016,Shooter,Activision,2.42
642,Madden NFL 16,XOne,2015,Sports,Electronic Arts,2.42
643,Ice Hockey,NES,1988,Sports,Nintendo,2.42
644,Sonic Adventure,DC,1998,Platform,Sega,2.42
645,Tom Clancy's Rainbow Six: Vegas 2,X360,2008,Shooter,Ubisoft,2.42
646,uDraw Studio,Wii,2010,Misc,THQ,2.42
647,Tomb Raider (2013),PS3,2013,Action,Square Enix,2.42
648,Need for Speed Carbon: Own the City,PSP,2006,Racing,Electronic Arts,2.42
649,Dragon Ball Z: Budokai 2,PS2,2003,Fighting,Atari,2.41
650,pro evolution soccer 2011,PS3,2010,Sports,Konami Digital Entertainment,2.41
651,ATV Offroad Fury,PS2,2001,Racing,Sony Computer Entertainment,2.41
652,Dino Crisis,PS,1998,Action,Capcom,2.41
653,Need for Speed: ProStreet,PS2,2007,Racing,Electronic Arts,2.41
654,Halo: Combat Evolved Anniversary,X360,2011,Shooter,Microsoft Game Studios,2.4
655,Tetris Plus,PS,1996,Puzzle,JVC,2.4
656,Pro Wrestling,NES,1987,Fighting,Nintendo,2.4
657,Theme Hospital,PC,1997,Strategy,Electronic Arts,2.4
658,Frogger's Adventures: Temple of the Frog,GBA,N/A,Adventure,Konami Digital Entertainment,2.39
659,Monopoly,PC,1994,Misc,Hasbro Interactive,2.39
660,,GEN,1993,,Acclaim Entertainment,2.39
661,Guitar Hero,PS2,2005,Misc,RedOctane,2.38
662,Madden NFL 11,PS3,2010,Sports,Electronic Arts,2.38
663,WCW/nWo Revenge,N64,1998,Fighting,THQ,2.38
664,Yu-Gi-Oh! The Duelists of the Roses,PS2,2001,Misc,Konami Digital Entertainment,2.38
665,Dead Island,X360,2011,Action,Deep Silver,2.37
666,Half-Life 2,PC,2004,Shooter,Vivendi Games,2.37
667,The Incredibles,PS2,2004,Action,THQ,2.37
668,Madden NFL 08,X360,2007,Sports,Electronic Arts,2.37
669,Tony Hawk's Underground 2,PS2,2004,Sports,Activision,2.37
670,Zumba Fitness,X360,2010,Sports,505 Games,2.37
671,Madden NFL 10,PS3,2009,Sports,Electronic Arts,2.37
672,Kirby's Dream Land 2,GB,1995,Platform,Nintendo,2.36
673,Midnight Club: Los Angeles,X360,2008,Racing,Take-Two Interactive,2.35
674,Donkey Kong Land II,GB,1996,Platform,Nintendo,2.35
675,Dragon Warrior Monsters,GB,1998,Role-Playing,Eidos Interactive,2.35
676,Kinect: Disneyland Adventures,X360,2011,Misc,Microsoft Game Studios,2.35
677,WWE SmackDown vs Raw 2008,PS2,2007,Fighting,THQ,2.34
678,The Legend of Zelda: Majora's Mask 3D,3DS,2015,Action,Nintendo,2.34
679,LEGO Indiana Jones: The Original Adventures,Wii,N/A,Action,LucasArts,2.34
680,Resident Evil - Code: Veronica X,PS2,2001,Action,Capcom,2.34
681,NBA 2K16,XOne,2015,Sports,Take-Two Interactive,2.34
682,Kinect Sports: Season Two,X360,2011,Sports,Microsoft Game Studios,2.34
683,My Fitness Coach,Wii,2008,Sports,Ubisoft,2.32
684,Mario Tennis,N64,2000,Sports,Nintendo,2.32
685,Grand Theft Auto,PS,1997,Action,Take-Two Interactive,2.32
686,James Bond 007: Everything or Nothing,PS2,2004,Shooter,Electronic Arts,2.31
687,Need For Speed: High Stakes,PS,1999,Racing,Electronic Arts,2.31
688,Chrono Trigger,SNES,1995,Role-Playing,SquareSoft,2.31
689,Guild Wars 2,PC,2012,Action,NCSoft,2.31
690,Cool Boarders 3,PS,1998,Sports,989 Studios,2.31
691,Paper Mario: Sticker Star,3DS,2012,Role-Playing,Nintendo,2.3
692,WarioWare Touched!,DS,2004,Puzzle,Nintendo,2.3
693,Batman: Arkham Origins,PS3,2013,Action,Warner Bros. Interactive Entertainment,2.29
694,Tomb Raider II,PC,1997,Action,Eidos Interactive,2.29
695,Yokai Watch Busters,3DS,2015,Action,Level 5,2.29
696,LEGO Star Wars: The Complete Saga,PS3,2007,Action,LucasArts,2.29
697,Need for Speed Underground 2,XB,2004,Racing,Electronic Arts,2.28
698,Pro Evolution Soccer 2010,PS3,2009,Sports,Konami Digital Entertainment,2.28
699,Mario Bros.,NES,1983,Platform,Nintendo,2.28
700,FIFA Soccer 09,PS2,2008,Sports,Electronic Arts,2.28
701,LEGO Harry Potter: Years 1-4,DS,2010,Action,Warner Bros. Interactive Entertainment,2.28
702,The Sims 3,X360,2010,Simulation,Electronic Arts,2.28
703,Pokemon Ranger: Shadows of Almia,DS,2008,Role-Playing,Nintendo,2.28
704,TOCA Touring Car Championship,PS,1997,Racing,Codemasters,2.28
705,Dead Island,PS3,2011,Action,Deep Silver,2.27
706,Kirby: Nightmare in Dream Land,GBA,2002,Platform,Nintendo,2.27
707,Wario Land 4,GBA,2001,Platform,Nintendo,2.26
708,Sonic's Ultimate Genesis Collection,PS3,2009,Misc,Sega,2.26
709,Far Cry: Primal,PS4,2016,Action,Ubisoft,2.26
710,Battlefield 1,XOne,2016,Shooter,Electronic Arts,2.25
711,Onimusha 2: Samurai's Destiny,PS2,2002,Adventure,Capcom,2.25
712,Cool Boarders 2,PS,1997,Sports,UEP Systems,2.25
713,Paper Mario: The Thousand-Year Door,GC,2004,Role-Playing,Nintendo,2.25
714,Madden NFL 12,PS3,2011,Sports,Electronic Arts,2.25
715,God of War: Ascension,PS3,2013,Action,Sony Computer Entertainment,2.25
716,Guitar Hero III: Legends of Rock,PS3,2007,Misc,Activision,2.24
717,Sonic Advance,GBA,2001,Platform,Sega,2.24
718,Super Monkey Ball: Banana Blitz,Wii,2006,Misc,Sega,2.24
719,Just Dance Kids,Wii,2010,Misc,Ubisoft,2.24
720,Call of Duty 3,Wii,N/A,Shooter,Activision,2.24
721,New Super Luigi U,WiiU,2013,Platform,Nintendo,2.24
722,Assassin's Creed IV: Black Flag,XOne,2013,Action,Ubisoft,2.23
723,Spyro: Season of Ice,GBA,2001,Platform,Vivendi Games,2.23
724,Dissidia: Final Fantasy,PSP,2008,Fighting,Square Enix,2.23
725,Madden NFL 25,X360,2013,Sports,Electronic Arts,2.23
726,Teenage Mutant Ninja Turtles II: The Arcade Game,NES,1990,Action,Konami Digital Entertainment,2.23
727,Dance Dance Revolution X2,PS2,2009,Simulation,Konami Digital Entertainment,2.23
728,Borderlands 2,PS3,2012,Shooter,Take-Two Interactive,2.23
729,Prince of Persia: The Sands of Time,PS2,2003,Action,Ubisoft,2.22
730,Monster Hunter Tri,Wii,2009,Role-Playing,Nintendo,2.22
731,LEGO Marvel Super Heroes,X360,2013,Action,Warner Bros. Interactive Entertainment,2.22
732,The Legend of Zelda: Link's Awakening DX,GB,1998,Adventure,Nintendo,2.22
733,Resident Evil 4,Wii,2007,Action,Capcom,2.22
734,Tom Clancy's Rainbow Six: Siege,PS4,2015,Shooter,Ubisoft,2.21
735,Star Wars: The Force Unleashed,PS3,2008,Action,LucasArts,2.21
736,Devil May Cry 3: Dante's Awakening Special Edition,PS2,2006,Action,Capcom,2.21
737,Frogger,2600,1981,Action,Parker Bros.,2.2
738,Guitar Hero II,X360,2007,Misc,Activision,2.2
739,Forza Motorsport 5,XOne,2013,Racing,Microsoft Game Studios,2.2
740,Rock Band 2,X360,2008,Misc,Electronic Arts,2.2
741,Pro Yakyuu Family Stadium,NES,1986,Sports,Namco Bandai Games,2.2
742,Wario Land 3,GB,2000,Platform,Nintendo,2.2
743,Need for Speed: Hot Pursuit,X360,2010,Racing,Electronic Arts,2.2
744,LEGO Indiana Jones: The Original Adventures,DS,2008,Action,Activision,2.2
745,BioShock 2,X360,2010,Shooter,Take-Two Interactive,2.2
746,High School Musical: Makin' the Cut!,DS,2007,Puzzle,Disney Interactive Studios,2.2
747,Star Wars: Knights of the Old Republic,XB,2003,Role-Playing,Activision,2.19
748,Kirby's Pinball Land,GB,1992,Misc,Nintendo,2.19
749,Donkey Kong Country,GB,2000,Platform,Nintendo,2.19
750,Madden NFL 15,PS4,2014,Sports,Electronic Arts,2.19
751,Pro Evolution Soccer 2012,PS3,2011,Action,Konami Digital Entertainment,2.19
752,Saints Row,X360,2006,Action,THQ,2.18
753,Yu-Gi-Oh: Duel Monsters 4,GB,2000,Role-Playing,Konami Digital Entertainment,2.18
754,ATV Offroad Fury 2,PS2,2002,Racing,THQ,2.18
755,FIFA 15,XOne,2014,Sports,Electronic Arts,2.18
756,Mario & Luigi: Superstar Saga,GBA,2003,Role-Playing,Nintendo,2.17
757,Star Wars: Rogue Squadron,N64,1998,Simulation,Nintendo,2.17
758,Tennis,NES,1984,Sports,Nintendo,2.17
759,Tom Clancy's The Division,XOne,2016,Shooter,Ubisoft,2.16
760,Final Fantasy XIII,X360,2010,Role-Playing,Square Enix,2.16
761,The Sims: House Party,PC,2001,Simulation,Electronic Arts,2.16
762,Scribblenauts,DS,2009,Puzzle,Warner Bros. Interactive Entertainment,2.16
763,Sonic Unleashed,Wii,2008,Platform,Sega,2.16
764,Syphon Filter 2,PS,2000,Shooter,Sony Computer Entertainment,2.15
765,Pokemon Ranger,DS,2006,Role-Playing,Nintendo,2.15
766,Volleyball,NES,1987,Sports,Nintendo,2.15
767,Skylanders SWAP Force,Wii,2013,Platform,Activision,2.15
768,Overwatch,PS4,2016,Shooter,Activision,2.14
769,Hitman: Absolution,PS3,2012,Action,Square Enix,2.14
770,SimCity 2000,PC,1992,Simulation,Maxis,2.14
771,R.C. Pro-Am,NES,1988,Racing,Nintendo,2.14
772,Super Mario RPG: Legend of the Seven Stars,SNES,1996,Role-Playing,Nintendo,2.14
773,Mahjong,NES,1983,Misc,Nintendo,2.14
774,Demon Attack,2600,1981,Shooter,Imagic,2.13
775,Call of Duty: Roads to Victory,PSP,2007,Shooter,Activision,2.13
776,Dance Dance Revolution Extreme,PS2,2004,Simulation,Konami Digital Entertainment,2.13
777,Final Fantasy Tactics Advance,GBA,2003,Role-Playing,SquareSoft,2.13
778,Your Shape featuring Jenny McCarthy,Wii,2009,Sports,Ubisoft,2.12
779,Project Gotham Racing,XB,2001,Racing,Microsoft Game Studios,2.12
780,Golf,GB,1989,Sports,Nintendo,2.12
781,NBA 2K12,PS3,2011,Sports,Take-Two Interactive,2.11
782,Tony Hawk's Pro Skater,N64,2000,Sports,Activision,2.11
783,Need for Speed: Hot Pursuit 2,PS2,2002,Racing,Electronic Arts,2.11
784,PES 2009: Pro Evolution Soccer,PS3,2008,Sports,Konami Digital Entertainment,2.11
785,Dynasty Warriors 4,PS2,2003,Action,Tecmo Koei,2.11
786,NBA 2K14,PS3,2013,Sports,Take-Two Interactive,2.11
787,Parasite Eve,PS,1998,Role-Playing,SquareSoft,2.1
788,Tetris DS,DS,2006,Puzzle,Nintendo,2.1
789,Project Gotham Racing (JP weekly sales),XB,2002,Action,Microsoft Game Studios,2.1
790,Scooby-Doo! Night of 100 Frights,PS2,2002,Platform,THQ,2.1
791,Battlefield: Hardline,PS4,2015,Shooter,Electronic Arts,2.1
792,Mortal Kombat,X360,2011,Fighting,Warner Bros. Interactive Entertainment,2.1
793,Borderlands,PS3,2009,Shooter,Take-Two Interactive,2.09
794,Devil May Cry 3: Dante's Awakening,PS2,2005,Action,Capcom,2.09
795,Derby Stallion,PS,1997,Sports,ASCII Entertainment,2.09
796,NBA 2K11,X360,2010,Action,Take-Two Interactive,2.09
797,Finding Nemo,PS2,2003,Action,THQ,2.09
798,Dying Light,PS4,2015,Action,Warner Bros. Interactive Entertainment,2.09
799,Yokai Watch,3DS,2013,Role-Playing,Nintendo,2.09
800,Dead Rising,X360,2006,Action,Capcom,2.08
801,World of Warcraft: Cataclysm,PC,2010,Role-Playing,Activision,2.08
802,Tetris Worlds,PS2,2002,Puzzle,THQ,2.08
803,Final Fantasy III,DS,2006,Role-Playing,Square Enix,2.08
804,Sim Theme Park,PC,1998,Strategy,Electronic Arts,2.08
805,Mario Party 5,GC,2003,Misc,Nintendo,2.08
806,Rock Band,Wii,N/A,Misc,MTV Games,2.08
807,Warcraft: Orcs & Humans,PC,1994,Strategy,Activision,2.08
808,Mario & Luigi: Dream Team,3DS,2013,Role-Playing,Nintendo,2.08
809,Portal 2,X360,2011,Shooter,Valve Software,2.08
810,Mario Sports Mix,Wii,2010,Sports,Nintendo,2.08
811,Need for Speed: Most Wanted 5-1-0,PSP,2005,Racing,Electronic Arts,2.07
812,Spec Ops: Airborne Commando,PS,2002,Shooter,Take-Two Interactive,2.07
813,The Sims 2: Pets,DS,2006,Simulation,Electronic Arts,2.07
814,Dance Dance Revolution: Hottest Party,Wii,2007,Simulation,Konami Digital Entertainment,2.07
815,DriveClub,PS4,2014,Racing,Sony Computer Entertainment,2.07
816,Yu-Gi-Oh! The Eternal Duelist Soul,GBA,2001,Strategy,Konami Digital Entertainment,2.07
817,UFC 2009 Undisputed,X360,2009,Fighting,THQ,2.06
818,Metal Gear Solid: Peace Walker,PSP,2010,Action,Konami Digital Entertainment,2.06
819,Kirby's Epic Yarn,Wii,2010,Platform,Nintendo,2.06
820,Wipeout: The Game,Wii,2009,Misc,Mindscape,2.06
821,Pokemon Mystery Dungeon: Red/Blue Rescue Team,GBA,2005,Role-Playing,Nintendo,2.06
822,The Incredibles,GBA,2004,Action,THQ,2.06
823,R4: Ridge Racer Type 4,PS,1998,Racing,Namco Bandai Games,2.06
824,Kingdom Hearts: Birth by Sleep,PSP,2010,Role-Playing,Square Enix,2.06
825,Tom Clancy's Splinter Cell: Conviction,X360,2010,Action,Ubisoft,2.06
826,SoulCalibur II,PS2,2003,Fighting,Namco Bandai Games,2.06
827,Need for Speed: ProStreet,X360,2007,Racing,Electronic Arts,2.05
828,Sonic Mega Collection,GC,2002,Misc,Infogrames,2.05
829,Ghostbusters: The Video Game (DS Version),PS3,2010,Action,Take-Two Interactive,2.05
830,Madden NFL 15,X360,2014,Sports,Electronic Arts,2.05
831,Need For Speed: Undercover,PS3,2008,Racing,Electronic Arts,2.05
832,Toy Story 3: The Video Game,DS,2010,Action,Disney Interactive Studios,2.05
833,NBA Jam,GEN,1992,Sports,Arena Entertainment,2.05
834,SOCOM: U.S. Navy SEALs: Combined Assault,PS2,2006,Shooter,Sony Computer Entertainment,2.04
835,Peter Jackson's King Kong: The Official Game of the Movie,PS2,2005,Action,Ubisoft,2.04
836,Need for Speed: ProStreet,PS3,2007,Racing,Electronic Arts,2.04
837,Donkey Kong Country,GBA,2003,Platform,Nintendo,2.04
838,Dance Central 2,X360,2011,Misc,Microsoft Game Studios,2.04
839,PGR4 - Project Gotham Racing 4,X360,2007,Racing,Microsoft Game Studios,2.04
840,1080°: TenEighty Snowboarding,N64,1998,Sports,Nintendo,2.03
841,Carnival Games,DS,2008,Misc,Take-Two Interactive,2.03
842,NBA Live 2004,PS2,2003,Sports,Electronic Arts,2.03
843,Call of Duty 2,X360,2005,Shooter,Activision,2.03
844,Rayman Raving Rabbids: TV Party,Wii,2008,Misc,Ubisoft,2.03
845,Pokémon Mystery Dungeon: Blue Rescue Team,DS,2005,Role-Playing,Nintendo,2.02
846,Dark Souls,PS3,2011,Role-Playing,Namco Bandai Games,2.02
847,Just Dance 3,X360,2011,Misc,Ubisoft,2.02
848,Battlefield 4,XOne,2013,Shooter,Electronic Arts,2.02
849,Fire Emblem: Awakening,3DS,2012,Role-Playing,Nintendo,2.01
850,Need for Speed: The Run,PS3,2011,Action,Electronic Arts,2.01
851,Just Dance 2015,Wii,2014,Misc,Ubisoft,2.01
852,Dragon Age: Inquisition,PS4,2014,Role-Playing,Electronic Arts,2.01
853,Super Street Fighter II,SNES,1993,Fighting,Nintendo,2
854,Dead Space,PS3,2008,Action,Electronic Arts,2
855,Mortal Kombat vs. DC Universe,PS3,2008,Fighting,Midway Games,2
856,TouchMaster,DS,2007,Puzzle,Midway Games,2
,,,,,,
,,,,,,
,,,,,,
,,,,,,
,,,,,,
,,,,,,
,,,,,,
,,,,,,
,,,,,,
,,,,,,
,,,,,,
,,,,,,
,,,,,,
,,,,,,
,,,,,,
,,,,,,
,,,,,,
,,,,,,
,,,,,,
,,,,,,
,,,,,,
,,,,,,
,,,,,,
,,,,,,
,,,,,,
,,,,,,
,,,,,,
,,,,,,
,,,,,,
,,,,,,
,,,,,,
,,,,,,
,,,,,,
,,,,,,
,,,,,,
,,,,,,
,,,,,,
,,,,,,
,,,,,,
,,,,,,
,,,,,,
,,,,,,
,,,,,,
,,,,,,
,,,,,,
,,,,,,
,,,,,,
,,,,,,
,,,,,,
,,,,,,
,,,,,,
,,,,,,
,,,,,,
,,,,,,
,,,,,,
,,,,,,
,,,,,,
,,,,,,
,,,,,,
,,,,,,
,,,,,,
,,,,,,
,,,,,,
,,,,,,
,,,,,,
,,,,,,
,,,,,,
,,,,,,
,,,,,,
,,,,,,
,,,,,,
,,,,,,
,,,,,,
,,,,,,
,,,,,,
,,,,,,
,,,,,,
,,,,,,
,,,,,,
,,,,,,
,,,,,,
,,,,,,
,,,,,,
,,,,,,
,,,,,,
,,,,,,
,,,,,,
,,,,,,
,,,,,,
,,,,,,
,,,,,,
,,,,,,
,,,,,,
,,,,,,
,,,,,,
,,,,,,
,,,,,,
,,,,,,
,,,,,,
,,,,,,
,,,,,,
,,,,,,
,,,,,,
,,,,,,
,,,,,,
,,,,,,
,,,,,,
,,,,,,
,,,,,,
,,,,,,
,,,,,,
,,,,,,
,,,,,,
,,,,,,
,,,,,,
,,,,,,
,,,,,,
,,,,,,
,,,,,,
,,,,,,
,,,,,,
,,,,,,
,,,,,,
,,,,,,
,,,,,,
,,,,,,
,,,,,,
,,,,,,
,,,,,,
,,,,,,
,,,,,,
,,,,,,
,,,,,,
,,,,,,
,,,,,,
,,,,,,
,,,,,,
,,,,,,
,,,,,,
,,,,,,
,,,,,,
,,,,,,
,,,,,,
,,,,,,
,,,,,,
,,,,,,
,,,,,,
,,,,,,
,,,,,,
,,,,,,
,,,,,,
,,,,,,
,,,,,,
,,,,,,
,,,,,,
,,,,,,
,,,,,,
,,,,,,
,,,,,,
,,,,,,
,,,,,,
,,,,,,
,,,,,,
,,,,,,
,,,,,,
,,,,,,
,,,,,,
,,,,,,
,,,,,,
,,,,,,
,,,,,,
,,,,,,
,,,,,,
,,,,,,
,,,,,,
,,,,,,
,,,,,,
,,,,,,
,,,,,,
,,,,,,
,,,,,,
,,,,,,
,,,,,,
,,,,,,
,,,,,,
,,,,,,
,,,,,,
,,,,,,
,,,,,,
,,,,,,
,,,,,,
,,,,,,
,,,,,,
,,,,,,
,,,,,,
,,,,,,
,,,,,,
,,,,,,
,,,,,,
,,,,,,
,,,,,,
,,,,,,
,,,,,,
,,,,,,
,,,,,,
,,,,,,
,,,,,,
,,,,,,
,,,,,,
,,,,,,
,,,,,,
,,,,,,
,,,,,,
,,,,,,
,,,,,,
,,,,,,
,,,,,,
,,,,,,
,,,,,,
,,,,,,
,,,,,,
,,,,,,
,,,,,,
,,,,,,
,,,,,,
,,,,,,
,,,,,,
,,,,,,
,,,,,,
,,,,,,
,,,,,,
,,,,,,
,,,,,,
,,,,,,
,,,,,,
,,,,,,
,,,,,,
,,,,,,
,,,,,,
,,,,,,
,,,,,,
,,,,,,
,,,,,,
,,,,,,
,,,,,,
,,,,,,
,,,,,,
,,,,,,
,,,,,,
,,,,,,
,,,,,,
,,,,,,
,,,,,,
,,,,,,
,,,,,,
,,,,,,
,,,,,,
,,,,,,
,,,,,,
,,,,,,
,,,,,,
,,,,,,
,,,,,,
,,,,,,
,,,,,,
,,,,,,
,,,,,,
,,,,,,
,,,,,,
,,,,,,
,,,,,,
,,,,,,
,,,,,,
,,,,,,
,,,,,,
,,,,,,
,,,,,,
,,,,,,
,,,,,,
,,,,,,
,,,,,,
,,,,,,
,,,,,,
,,,,,,
,,,,,,
,,,,,,
,,,,,,
,,,,,,
,,,,,,
,,,,,,
,,,,,,
,,,,,,
,,,,,,
,,,,,,
,,,,,,
,,,,,,
,,,,,,
,,,,,,
,,,,,,
,,,,,,
,,,,,,
,,,,,,
,,,,,,
,,,,,,
,,,,,,
,,,,,,
,,,,,,
,,,,,,
,,,,,,
,,,,,,
,,,,,,
,,,,,,
,,,,,,
,,,,,,
,,,,,,
,,,,,,
,,,,,,
,,,,,,
,,,,,,
,,,,,,
,,,,,,
,,,,,,
,,,,,,
,,,,,,
,,,,,,
,,,,,,
,,,,,,
,,,,,,
,,,,,,
,,,,,,
,,,,,,
,,,,,,
,,,,,,
,,,,,,
,,,,,,
,,,,,,
,,,,,,
,,,,,,
,,,,,,
,,,,,,
,,,,,,
,,,,,,
,,,,,,
,,,,,,
,,,,,,
,,,,,,
,,,,,,
,,,,,,
,,,,,,
,,,,,,
,,,,,,
,,,,,,
,,,,,,
,,,,,,
,,,,,,
,,,,,,
,,,,,,
,,,,,,
,,,,,,
,,,,,,
,,,,,,
,,,,,,
,,,,,,
,,,,,,
,,,,,,
,,,,,,
,,,,,,
,,,,,,
,,,,,,
,,,,,,
,,,,,,
,,,,,,
,,,,,,
,,,,,,
,,,,,,
,,,,,,
,,,,,,
,,,,,,
,,,,,,
,,,,,,
,,,,,,
,,,,,,
,,,,,,
,,,,,,
,,,,,,
,,,,,,
,,,,,,
,,,,,,
,,,,,,
,,,,,,
,,,,,,
,,,,,,
,,,,,,
,,,,,,
,,,,,,
,,,,,,
,,,,,,
,,,,,,
,,,,,,
,,,,,,
,,,,,,
,,,,,,
,,,,,,
,,,,,,
,,,,,,
,,,,,,
,,,,,,
,,,,,,
,,,,,,
,,,,,,
,,,,,,
,,,,,,
,,,,,,
,,,,,,
,,,,,,
,,,,,,
,,,,,,
,,,,,,
,,,,,,
,,,,,,
,,,,,,
,,,,,,
,,,,,,
,,,,,,
,,,,,,
,,,,,,
,,,,,,
,,,,,,
,,,,,,
,,,,,,
,,,,,,
,,,,,,
,,,,,,
,,,,,,
,,,,,,
,,,,,,
,,,,,,
,,,,,,
,,,,,,
,,,,,,
,,,,,,
,,,,,,
,,,,,,
,,,,,,
,,,,,,
,,,,,,
,,,,,,
,,,,,,
,,,,,,
,,,,,,
,,,,,,
,,,,,,
,,,,,,
,,,,,,
,,,,,,
,,,,,,
,,,,,,
,,,,,,
,,,,,,
,,,,,,
,,,,,,
,,,,,,
,,,,,,
,,,,,,
,,,,,,
,,,,,,
,,,,,,
,,,,,,
,,,,,,
,,,,,,
,,,,,,
,,,,,,
,,,,,,
,,,,,,
,,,,,,
,,,,,,
,,,,,,
,,,,,,
,,,,,,
,,,,,,
,,,,,,
,,,,,,
,,,,,,
,,,,,,
,,,,,,
,,,,,,
,,,,,,
,,,,,,
,,,,,,
,,,,,,
,,,,,,
,,,,,,
,,,,,,
,,,,,,
,,,,,,
,,,,,,
,,,,,,
,,,,,,
,,,,,,
,,,,,,
,,,,,,
,,,,,,
,,,,,,
,,,,,,
,,,,,,
,,,,,,
,,,,,,
,,,,,,
,,,,,,
,,,,,,
,,,,,,
,,,,,,
,,,,,,
,,,,,,
,,,,,,
,,,,,,
,,,,,,
,,,,,,
,,,,,,
,,,,,,
,,,,,,
,,,,,,
,,,,,,
,,,,,,
,,,,,,
,,,,,,
,,,,,,
,,,,,,
,,,,,,
,,,,,,
,,,,,,
,,,,,,
,,,,,,
,,,,,,
,,,,,,
,,,,,,
,,,,,,
,,,,,,
,,,,,,
,,,,,,
,,,,,,
,,,,,,
,,,,,,
,,,,,,
,,,,,,
,,,,,,
,,,,,,
,,,,,,
,,,,,,
,,,,,,
,,,,,,
,,,,,,
,,,,,,
,,,,,,
,,,,,,
,,,,,,
,,,,,,
,,,,,,
,,,,,,
,,,,,,
,,,,,,
,,,,,,
,,,,,,
,,,,,,
,,,,,,
,,,,,,
,,,,,,
,,,,,,
,,,,,,
,,,,,,
,,,,,,
,,,,,,
,,,,,,
,,,,,,
,,,,,,
,,,,,,
,,,,,,
,,,,,,
,,,,,,
,,,,,,
,,,,,,
,,,,,,
,,,,,,
,,,,,,
,,,,,,
,,,,,,
,,,,,,
,,,,,,
,,,,,,
,,,,,,
,,,,,,
,,,,,,
,,,,,,
,,,,,,
,,,,,,
,,,,,,
,,,,,,
,,,,,,
,,,,,,
,,,,,,
,,,,,,
,,,,,,
,,,,,,
,,,,,,
,,,,,,
,,,,,,
,,,,,,
,,,,,,
,,,,,,
,,,,,,
,,,,,,
,,,,,,
,,,,,,
,,,,,,
,,,,,,
,,,,,,
,,,,,,
,,,,,,
,,,,,,
,,,,,,
,,,,,,
,,,,,,
,,,,,,
,,,,,,
,,,,,,
,,,,,,
,,,,,,
,,,,,,
,,,,,,
,,,,,,
,,,,,,
,,,,,,
,,,,,,
,,,,,,
,,,,,,
,,,,,,
,,,,,,
,,,,,,
,,,,,,
,,,,,,
,,,,,,
,,,,,,
,,,,,,
,,,,,,
,,,,,,
,,,,,,
,,,,,,
,,,,,,
,,,,,,
,,,,,,
,,,,,,
,,,,,,
,,,,,,
,,,,,,
,,,,,,
,,,,,,
,,,,,,
,,,,,,
,,,,,,
,,,,,,
,,,,,,
,,,,,,
,,,,,,
,,,,,,
,,,,,,
,,,,,,
,,,,,,
,,,,,,
,,,,,,
,,,,,,
,,,,,,
,,,,,,
,,,,,,
,,,,,,
,,,,,,
,,,,,,
,,,,,,
,,,,,,
,,,,,,
,,,,,,
,,,,,,
,,,,,,
,,,,,,
,,,,,,
,,,,,,
,,,,,,
,,,,,,
,,,,,,
,,,,,,
,,,,,,
,,,,,,
,,,,,,
,,,,,,
,,,,,,
,,,,,,
,,,,,,
,,,,,,
,,,,,,
,,,,,,
,,,,,,
,,,,,,
,,,,,,
,,,,,,
,,,,,,
,,,,,,
,,,,,,
,,,,,,
,,,,,,
,,,,,,
,,,,,,
,,,,,,
,,,,,,
,,,,,,
,,,,,,
,,,,,,
,,,,,,
,,,,,,
,,,,,,
,,,,,,
,,,,,,
,,,,,,
,,,,,,
,,,,,,
,,,,,,
,,,,,,
,,,,,,
,,,,,,
,,,,,,
,,,,,,
,,,,,,
,,,,,,
,,,,,,
,,,,,,
,,,,,,
,,,,,,
,,,,,,
,,,,,,
,,,,,,
,,,,,,
,,,,,,
,,,,,,
,,,,,,
,,,,,,
,,,,,,
,,,,,,
,,,,,,
,,,,,,
,,,,,,
,,,,,,
,,,,,,
,,,,,,
,,,,,,
,,,,,,
,,,,,,
,,,,,,
,,,,,,
,,,,,,
,,,,,,
,,,,,,
,,,,,,
,,,,,,
,,,,,,
,,,,,,
,,,,,,
,,,,,,
,,,,,,
,,,,,,
,,,,,,
,,,,,,
,,,,,,
,,,,,,
,,,,,,
,,,,,,
,,,,,,
,,,,,,
,,,,,,
,,,,,,
,,,,,,
,,,,,,
,,,,,,
,,,,,,
,,,,,,
,,,,,,
,,,,,,
,,,,,,
,,,,,,
,,,,,,
,,,,,,
,,,,,,
,,,,,,
,,,,,,
,,,,,,
,,,,,,
,,,,,,
,,,,,,
,,,,,,
,,,,,,
,,,,,,
,,,,,,
,,,,,,
,,,,,,
,,,,,,
,,,,,,
,,,,,,
,,,,,,
,,,,,,
,,,,,,
,,,,,,
,,,,,,
,,,,,,
,,,,,,
,,,,,,
,,,,,,
,,,,,,
,,,,,,
,,,,,,
,,,,,,
,,,,,,
,,,,,,
,,,,,,
,,,,,,
,,,,,,
,,,,,,
,,,,,,
,,,,,,
,,,,,,
,,,,,,
,,,,,,
,,,,,,
,,,,,,
,,,,,,
,,,,,,
,,,,,,
,,,,,,
,,,,,,
,,,,,,
,,,,,,
,,,,,,
,,,,,,
,,,,,,
,,,,,,
,,,,,,
,,,,,,
,,,,,,
,,,,,,
,,,,,,
,,,,,,
,,,,,,
,,,,,,
,,,,,,
,,,,,,
,,,,,,
,,,,,,
,,,,,,
,,,,,,
,,,,,,
,,,,,,
,,,,,,
,,,,,,
,,,,,,
,,,,,,
,,,,,,
,,,,,,
,,,,,,
,,,,,,
,,,,,,
,,,,,,
,,,,,,
,,,,,,
,,,,,,
,,,,,,
,,,,,,
,,,,,,
,,,,,,
,,,,,,
,,,,,,
,,,,,,
,,,,,,
,,,,,,
,,,,,,
,,,,,,
,,,,,,
,,,,,,
,,,,,,
,,,,,,
,,,,,,
,,,,,,
,,,,,,
,,,,,,
,,,,,,
,,,,,,
,,,,,,
,,,,,,
,,,,,,
,,,,,,
,,,,,,
,,,,,,
,,,,,,
,,,,,,
,,,,,,
,,,,,,
,,,,,,
,,,,,,
,,,,,,
,,,,,,
,,,,,,
,,,,,,
,,,,,,
,,,,,,
,,,,,,
,,,,,,
,,,,,,
,,,,,,
,,,,,,
,,,,,,
,,,,,,
,,,,,,
,,,,,,
,,,,,,
,,,,,,
,,,,,,
,,,,,,
,,,,,,
,,,,,,
,,,,,,
,,,,,,
,,,,,,
,,,,,,
,,,,,,
,,,,,,
,,,,,,
,,,,,,
,,,,,,
,,,,,,
,,,,,,
,,,,,,
,,,,,,
,,,,,,
,,,,,,
,,,,,,
,,,,,,
,,,,,,
,,,,,,
,,,,,,
,,,,,,
,,,,,,
,,,,,,
,,,,,,
,,,,,,
,,,,,,
,,,,,,
,,,,,,
,,,,,,
,,,,,,
,,,,,,
,,,,,,
,,,,,,
,,,,,,
,,,,,,
,,,,,,
,,,,,,
,,,,,,
,,,,,,
,,,,,,
,,,,,,
,,,,,,
,,,,,,
,,,,,,
,,,,,,
,,,,,,
,,,,,,
,,,,,,
,,,,,,
,,,,,,
,,,,,,
,,,,,,
,,,,,,
,,,,,,
,,,,,,
,,,,,,
,,,,,,
,,,,,,
,,,,,,
,,,,,,
,,,,,,
,,,,,,
,,,,,,
,,,,,,
,,,,,,
,,,,,,
,,,,,,
,,,,,,
,,,,,,
,,,,,,
,,,,,,
,,,,,,
,,,,,,
,,,,,,
,,,,,,
,,,,,,
,,,,,,
,,,,,,
,,,,,,
,,,,,,
,,,,,,
,,,,,,
,,,,,,
,,,,,,
,,,,,,
,,,,,,
,,,,,,
,,,,,,
,,,,,,
,,,,,,
,,,,,,
,,,,,,
,,,,,,
,,,,,,
,,,,,,
,,,,,,
,,,,,,
,,,,,,
,,,,,,
,,,,,,
,,,,,,
,,,,,,
,,,,,,
,,,,,,
,,,,,,
,,,,,,
,,,,,,
,,,,,,
,,,,,,
,,,,,,
,,,,,,
,,,,,,
,,,,,,
,,,,,,
,,,,,,
,,,,,,
,,,,,,
,,,,,,
,,,,,,
,,,,,,
,,,,,,
,,,,,,
,,,,,,
,,,,,,
,,,,,,
,,,,,,
,,,,,,
,,,,,,
,,,,,,
,,,,,,
,,,,,,
,,,,,,
,,,,,,
,,,,,,
,,,,,,
,,,,,,
,,,,,,
,,,,,,
,,,,,,
,,,,,,
,,,,,,
,,,,,,
,,,,,,
,,,,,,
,,,,,,
,,,,,,
,,,,,,
,,,,,,
,,,,,,
,,,,,,
,,,,,,
,,,,,,
,,,,,,
,,,,,,
,,,,,,
,,,,,,
,,,,,,
,,,,,,
,,,,,,
,,,,,,
,,,,,,
,,,,,,
,,,,,,
,,,,,,
,,,,,,
,,,,,,
,,,,,,
,,,,,,
,,,,,,
,,,,,,
,,,,,,
,,,,,,
,,,,,,
,,,,,,
,,,,,,
,,,,,,
,,,,,,
,,,,,,
,,,,,,
,,,,,,
,,,,,,
,,,,,,
,,,,,,
,,,,,,
,,,,,,
,,,,,,
,,,,,,
,,,,,,
,,,,,,
,,,,,,
,,,,,,
,,,,,,
,,,,,,
,,,,,,
,,,,,,
,,,,,,
,,,,,,
,,,,,,
,,,,,,
,,,,,,
,,,,,,
,,,,,,
,,,,,,
,,,,,,
,,,,,,
,,,,,,
,,,,,,
,,,,,,
,,,,,,
,,,,,,
,,,,,,
,,,,,,
,,,,,,
,,,,,,
,,,,,,
,,,,,,
,,,,,,
,,,,,,
,,,,,,
,,,,,,
,,,,,,
,,,,,,
,,,,,,
,,,,,,
,,,,,,
,,,,,,
,,,,,,
,,,,,,
,,,,,,
,,,,,,
,,,,,,
,,,,,,
,,,,,,
,,,,,,
,,,,,,
,,,,,,
,,,,,,
,,,,,,
,,,,,,
,,,,,,
,,,,,,
,,,,,,
,,,,,,
,,,,,,
,,,,,,
,,,,,,
,,,,,,
,,,,,,
,,,,,,
,,,,,,
,,,,,,
,,,,,,
,,,,,,
,,,,,,
,,,,,,
,,,,,,
,,,,,,
,,,,,,
,,,,,,
,,,,,,
,,,,,,
,,,,,,
,,,,,,
,,,,,,
,,,,,,
,,,,,,
,,,,,,
,,,,,,
,,,,,,
,,,,,,
,,,,,,
,,,,,,
,,,,,,
,,,,,,
,,,,,,
,,,,,,
,,,,,,
,,,,,,
,,,,,,
,,,,,,
,,,,,,
,,,,,,
,,,,,,
,,,,,,
,,,,,,
,,,,,,
,,,,,,
,,,,,,
,,,,,,
,,,,,,
,,,,,,
,,,,,,
,,,,,,
,,,,,,
,,,,,,
,,,,,,
